id,titulo,url,contenido,imagen,fuente,fecha,categoriaNombre
cmgg3w9um01ug13gh1fzdivkh,Dirigentes transportistas acuerdan no continuar con el paro tras reunión con ministros,https://rpp.pe/politica/actualidad/dirigentes-transportistas-acuerdan-no-continuar-con-el-paro-tras-reunion-con-ministros-noticia-123456#1759814130910-7ecxtq502,"Los representantes del sector sostuvieron una reunión con el jefe del Gabinete Ministerial, Eduardo Arana, y otros ministros en la que acordaron, entre otros puntos, la instalación de una mesa de trabajo.",,RPP Noticias,2025-10-07T05:15:30.911Z,Política
cmgg3w8db01sg13gh80o01p8k,Dirigentes transportistas acuerdan no continuar con el paro tras reunión con ministros,https://rpp.pe/politica/actualidad/dirigentes-transportistas-acuerdan-no-continuar-con-el-paro-tras-reunion-con-ministros-noticia-123456#1759814128991-ivw0cqxui,"Los representantes del sector sostuvieron una reunión con el jefe del Gabinete Ministerial, Eduardo Arana, y otros ministros en la que acordaron, entre otros puntos, la instalación de una mesa de trabajo.",,RPP Noticias,2025-10-07T05:15:28.991Z,Política
cmgg3w69w01qg13ghe56er5fg,Dirigentes transportistas acuerdan no continuar con el paro tras reunión con ministros,https://rpp.pe/politica/actualidad/dirigentes-transportistas-acuerdan-no-continuar-con-el-paro-tras-reunion-con-ministros-noticia-123456#1759814126276-x9dn89l6v,"Los representantes del sector sostuvieron una reunión con el jefe del Gabinete Ministerial, Eduardo Arana, y otros ministros en la que acordaron, entre otros puntos, la instalación de una mesa de trabajo.",,RPP Noticias,2025-10-07T05:15:26.277Z,Política
cmgg3w4zm01og13gho16h7lt4,Dirigentes transportistas acuerdan no continuar con el paro tras reunión con ministros,https://rpp.pe/politica/actualidad/dirigentes-transportistas-acuerdan-no-continuar-con-el-paro-tras-reunion-con-ministros-noticia-123456#1759814124610-z5ard992u,"Los representantes del sector sostuvieron una reunión con el jefe del Gabinete Ministerial, Eduardo Arana, y otros ministros en la que acordaron, entre otros puntos, la instalación de una mesa de trabajo.",,RPP Noticias,2025-10-07T05:15:24.610Z,Política
cmgg3w3o701mg13ghkwp3jmf6,Dirigentes transportistas acuerdan no continuar con el paro tras reunión con ministros,https://rpp.pe/politica/actualidad/dirigentes-transportistas-acuerdan-no-continuar-con-el-paro-tras-reunion-con-ministros-noticia-123456#1759814122903-ucs5xw1e9,"Los representantes del sector sostuvieron una reunión con el jefe del Gabinete Ministerial, Eduardo Arana, y otros ministros en la que acordaron, entre otros puntos, la instalación de una mesa de trabajo.",,RPP Noticias,2025-10-07T05:15:22.903Z,Política
cmgg3w2b301kg13ghea55h3pl,Dirigentes transportistas acuerdan no continuar con el paro tras reunión con ministros,https://rpp.pe/politica/actualidad/dirigentes-transportistas-acuerdan-no-continuar-con-el-paro-tras-reunion-con-ministros-noticia-123456#1759814121135-xt20x3yfc,"Los representantes del sector sostuvieron una reunión con el jefe del Gabinete Ministerial, Eduardo Arana, y otros ministros en la que acordaron, entre otros puntos, la instalación de una mesa de trabajo.",,RPP Noticias,2025-10-07T05:15:21.136Z,Política
cmgg3vzxp01ig13ghevlpev2c,Dirigentes transportistas acuerdan no continuar con el paro tras reunión con ministros,https://rpp.pe/politica/actualidad/dirigentes-transportistas-acuerdan-no-continuar-con-el-paro-tras-reunion-con-ministros-noticia-123456#1759814118061-nqvf5s608,"Los representantes del sector sostuvieron una reunión con el jefe del Gabinete Ministerial, Eduardo Arana, y otros ministros en la que acordaron, entre otros puntos, la instalación de una mesa de trabajo.",,RPP Noticias,2025-10-07T05:15:18.061Z,Política
cmgg3vpr301gg13gh7iy2lmlc,Dirigentes transportistas acuerdan no continuar con el paro tras reunión con ministros,https://rpp.pe/politica/actualidad/dirigentes-transportistas-acuerdan-no-continuar-con-el-paro-tras-reunion-con-ministros-noticia-123456#1759814104863-i8kz3fxel,"Los representantes del sector sostuvieron una reunión con el jefe del Gabinete Ministerial, Eduardo Arana, y otros ministros en la que acordaron, entre otros puntos, la instalación de una mesa de trabajo.",,RPP Noticias,2025-10-07T05:15:04.864Z,Política
cmgg3v7yq01eg13ghw1q8pe51,Dirigentes transportistas acuerdan no continuar con el paro tras reunión con ministros,https://rpp.pe/politica/actualidad/dirigentes-transportistas-acuerdan-no-continuar-con-el-paro-tras-reunion-con-ministros-noticia-123456#1759814081810-b4vaz0hvi,"Los representantes del sector sostuvieron una reunión con el jefe del Gabinete Ministerial, Eduardo Arana, y otros ministros en la que acordaron, entre otros puntos, la instalación de una mesa de trabajo.",,RPP Noticias,2025-10-07T05:14:41.810Z,Política
cmgg3v6oy01cg13gh0dylghny,Dirigentes transportistas acuerdan no continuar con el paro tras reunión con ministros,https://rpp.pe/politica/actualidad/dirigentes-transportistas-acuerdan-no-continuar-con-el-paro-tras-reunion-con-ministros-noticia-123456#1759814080162-3q7hz9mpc,"Los representantes del sector sostuvieron una reunión con el jefe del Gabinete Ministerial, Eduardo Arana, y otros ministros en la que acordaron, entre otros puntos, la instalación de una mesa de trabajo.",,RPP Noticias,2025-10-07T05:14:40.163Z,Política
cmgg3v59x01ag13gh55wcjthc,Dirigentes transportistas acuerdan no continuar con el paro tras reunión con ministros,https://rpp.pe/politica/actualidad/dirigentes-transportistas-acuerdan-no-continuar-con-el-paro-tras-reunion-con-ministros-noticia-123456#1759814078325-f12bg1s1l,"Los representantes del sector sostuvieron una reunión con el jefe del Gabinete Ministerial, Eduardo Arana, y otros ministros en la que acordaron, entre otros puntos, la instalación de una mesa de trabajo.",,RPP Noticias,2025-10-07T05:14:38.325Z,Política
cmgg3v2yp018g13ghghx86sp9,Dirigentes transportistas acuerdan no continuar con el paro tras reunión con ministros,https://rpp.pe/politica/actualidad/dirigentes-transportistas-acuerdan-no-continuar-con-el-paro-tras-reunion-con-ministros-noticia-123456#1759814075329-x84ozaimi,"Los representantes del sector sostuvieron una reunión con el jefe del Gabinete Ministerial, Eduardo Arana, y otros ministros en la que acordaron, entre otros puntos, la instalación de una mesa de trabajo.",,RPP Noticias,2025-10-07T05:14:35.330Z,Política
cmgg3o9hx016f13gha2sllogo,Dirigentes transportistas acuerdan no continuar con el paro tras reunión con ministros,https://rpp.pe/politica/actualidad/dirigentes-transportistas-acuerdan-no-continuar-con-el-paro-tras-reunion-con-ministros-noticia-123456#1759813757205-kg29cu3p7,"Los representantes del sector sostuvieron una reunión con el jefe del Gabinete Ministerial, Eduardo Arana, y otros ministros en la que acordaron, entre otros puntos, la instalación de una mesa de trabajo.",,RPP Noticias,2025-10-07T05:09:17.206Z,Política
cmgg3o76t014f13ghtp3188cq,Dirigentes transportistas acuerdan no continuar con el paro tras reunión con ministros,https://rpp.pe/politica/actualidad/dirigentes-transportistas-acuerdan-no-continuar-con-el-paro-tras-reunion-con-ministros-noticia-123456#1759813754213-ybavvk6tz,"Los representantes del sector sostuvieron una reunión con el jefe del Gabinete Ministerial, Eduardo Arana, y otros ministros en la que acordaron, entre otros puntos, la instalación de una mesa de trabajo.",,RPP Noticias,2025-10-07T05:09:14.214Z,Política
cmgg3o5sb012f13gh4t1m4k5j,Dirigentes transportistas acuerdan no continuar con el paro tras reunión con ministros,https://rpp.pe/politica/actualidad/dirigentes-transportistas-acuerdan-no-continuar-con-el-paro-tras-reunion-con-ministros-noticia-123456#1759813752395-yd1k35x2p,"Los representantes del sector sostuvieron una reunión con el jefe del Gabinete Ministerial, Eduardo Arana, y otros ministros en la que acordaron, entre otros puntos, la instalación de una mesa de trabajo.",,RPP Noticias,2025-10-07T05:09:12.396Z,Política
cmgg3o3ej010f13ghczoe2vf7,Dirigentes transportistas acuerdan no continuar con el paro tras reunión con ministros,https://rpp.pe/politica/actualidad/dirigentes-transportistas-acuerdan-no-continuar-con-el-paro-tras-reunion-con-ministros-noticia-123456#1759813749307-5h05gc4q6,"Los representantes del sector sostuvieron una reunión con el jefe del Gabinete Ministerial, Eduardo Arana, y otros ministros en la que acordaron, entre otros puntos, la instalación de una mesa de trabajo.",,RPP Noticias,2025-10-07T05:09:09.307Z,Política
cmgg3o25v00yf13ghc8jo8h0c,Dirigentes transportistas acuerdan no continuar con el paro tras reunión con ministros,https://rpp.pe/politica/actualidad/dirigentes-transportistas-acuerdan-no-continuar-con-el-paro-tras-reunion-con-ministros-noticia-123456#1759813747699-jd497wedv,"Los representantes del sector sostuvieron una reunión con el jefe del Gabinete Ministerial, Eduardo Arana, y otros ministros en la que acordaron, entre otros puntos, la instalación de una mesa de trabajo.",,RPP Noticias,2025-10-07T05:09:07.700Z,Política
cmgg3o07j00wf13ghfdf7wdfs,Dirigentes transportistas acuerdan no continuar con el paro tras reunión con ministros,https://rpp.pe/politica/actualidad/dirigentes-transportistas-acuerdan-no-continuar-con-el-paro-tras-reunion-con-ministros-noticia-123456#1759813745166-eidwod7kj,"Los representantes del sector sostuvieron una reunión con el jefe del Gabinete Ministerial, Eduardo Arana, y otros ministros en la que acordaron, entre otros puntos, la instalación de una mesa de trabajo.",,RPP Noticias,2025-10-07T05:09:05.167Z,Política
cmgg3nvt100uf13ghwuij6qxk,Dirigentes transportistas acuerdan no continuar con el paro tras reunión con ministros,https://rpp.pe/politica/actualidad/dirigentes-transportistas-acuerdan-no-continuar-con-el-paro-tras-reunion-con-ministros-noticia-123456#1759813739461-m1ct9pw7m,"Los representantes del sector sostuvieron una reunión con el jefe del Gabinete Ministerial, Eduardo Arana, y otros ministros en la que acordaron, entre otros puntos, la instalación de una mesa de trabajo.",,RPP Noticias,2025-10-07T05:08:59.462Z,Política
cmgg3nuh500sf13ght2yydlm1,Dirigentes transportistas acuerdan no continuar con el paro tras reunión con ministros,https://rpp.pe/politica/actualidad/dirigentes-transportistas-acuerdan-no-continuar-con-el-paro-tras-reunion-con-ministros-noticia-123456#1759813737737-lol0h9xkq,"Los representantes del sector sostuvieron una reunión con el jefe del Gabinete Ministerial, Eduardo Arana, y otros ministros en la que acordaron, entre otros puntos, la instalación de una mesa de trabajo.",,RPP Noticias,2025-10-07T05:08:57.738Z,Política
cmgg3nt5000qf13ghfn9aewxe,Dirigentes transportistas acuerdan no continuar con el paro tras reunión con ministros,https://rpp.pe/politica/actualidad/dirigentes-transportistas-acuerdan-no-continuar-con-el-paro-tras-reunion-con-ministros-noticia-123456#1759813736003-e9hmy9ut1,"Los representantes del sector sostuvieron una reunión con el jefe del Gabinete Ministerial, Eduardo Arana, y otros ministros en la que acordaron, entre otros puntos, la instalación de una mesa de trabajo.",,RPP Noticias,2025-10-07T05:08:56.004Z,Política
cmgg3nru100of13ghoyahje93,Dirigentes transportistas acuerdan no continuar con el paro tras reunión con ministros,https://rpp.pe/politica/actualidad/dirigentes-transportistas-acuerdan-no-continuar-con-el-paro-tras-reunion-con-ministros-noticia-123456#1759813734313-f9fxlih7k,"Los representantes del sector sostuvieron una reunión con el jefe del Gabinete Ministerial, Eduardo Arana, y otros ministros en la que acordaron, entre otros puntos, la instalación de una mesa de trabajo.",,RPP Noticias,2025-10-07T05:08:54.313Z,Política
cmgg3nqfe00mf13gh1xb8ynio,Dirigentes transportistas acuerdan no continuar con el paro tras reunión con ministros,https://rpp.pe/politica/actualidad/dirigentes-transportistas-acuerdan-no-continuar-con-el-paro-tras-reunion-con-ministros-noticia-123456#1759813732489-ogugksitv,"Los representantes del sector sostuvieron una reunión con el jefe del Gabinete Ministerial, Eduardo Arana, y otros ministros en la que acordaron, entre otros puntos, la instalación de una mesa de trabajo.",,RPP Noticias,2025-10-07T05:08:52.490Z,Política
cmgg3nogo00kf13gh6o4dukw3,Dirigentes transportistas acuerdan no continuar con el paro tras reunión con ministros,https://rpp.pe/politica/actualidad/dirigentes-transportistas-acuerdan-no-continuar-con-el-paro-tras-reunion-con-ministros-noticia-123456#1759813729944-yol8hh7am,"Los representantes del sector sostuvieron una reunión con el jefe del Gabinete Ministerial, Eduardo Arana, y otros ministros en la que acordaron, entre otros puntos, la instalación de una mesa de trabajo.",,RPP Noticias,2025-10-07T05:08:49.944Z,Política
cmgg3njhx00if13gh03v1e10h,Dirigentes transportistas acuerdan no continuar con el paro tras reunión con ministros,https://rpp.pe/politica/actualidad/dirigentes-transportistas-acuerdan-no-continuar-con-el-paro-tras-reunion-con-ministros-noticia-123456#1759813723509-z4ydy6cgj,"Los representantes del sector sostuvieron una reunión con el jefe del Gabinete Ministerial, Eduardo Arana, y otros ministros en la que acordaron, entre otros puntos, la instalación de una mesa de trabajo.",,RPP Noticias,2025-10-07T05:08:43.510Z,Política
cmgg3nhx200gf13ghcso8hkzh,Dirigentes transportistas acuerdan no continuar con el paro tras reunión con ministros,https://rpp.pe/politica/actualidad/dirigentes-transportistas-acuerdan-no-continuar-con-el-paro-tras-reunion-con-ministros-noticia-123456#1759813721461-zu3ah1wqf,"Los representantes del sector sostuvieron una reunión con el jefe del Gabinete Ministerial, Eduardo Arana, y otros ministros en la que acordaron, entre otros puntos, la instalación de una mesa de trabajo.",,RPP Noticias,2025-10-07T05:08:41.462Z,Política
cmgg3nfhd00ef13ghp9dla9c5,Dirigentes transportistas acuerdan no continuar con el paro tras reunión con ministros,https://rpp.pe/politica/actualidad/dirigentes-transportistas-acuerdan-no-continuar-con-el-paro-tras-reunion-con-ministros-noticia-123456#1759813718305-ixq5nshl7,"Los representantes del sector sostuvieron una reunión con el jefe del Gabinete Ministerial, Eduardo Arana, y otros ministros en la que acordaron, entre otros puntos, la instalación de una mesa de trabajo.",,RPP Noticias,2025-10-07T05:08:38.305Z,Política
cmgg3lr7500cf13gh1hh9l0zr,Dirigentes transportistas acuerdan no continuar con el paro tras reunión con ministros,https://rpp.pe/politica/actualidad/dirigentes-transportistas-acuerdan-no-continuar-con-el-paro-tras-reunion-con-ministros-noticia-123456#1759813640177-ehmxk0k6b,"Los representantes del sector sostuvieron una reunión con el jefe del Gabinete Ministerial, Eduardo Arana, y otros ministros en la que acordaron, entre otros puntos, la instalación de una mesa de trabajo.",,RPP Noticias,2025-10-07T05:07:20.178Z,Política
cmgg3lp8500af13ghwrfso1fp,Dirigentes transportistas acuerdan no continuar con el paro tras reunión con ministros,https://rpp.pe/politica/actualidad/dirigentes-transportistas-acuerdan-no-continuar-con-el-paro-tras-reunion-con-ministros-noticia-123456#1759813637621-d4iutqcra,"Los representantes del sector sostuvieron una reunión con el jefe del Gabinete Ministerial, Eduardo Arana, y otros ministros en la que acordaron, entre otros puntos, la instalación de una mesa de trabajo.",,RPP Noticias,2025-10-07T05:07:17.621Z,Política
cmgg3lkwa008f13ghwvxn759e,Dirigentes transportistas acuerdan no continuar con el paro tras reunión con ministros,https://rpp.pe/politica/actualidad/dirigentes-transportistas-acuerdan-no-continuar-con-el-paro-tras-reunion-con-ministros-noticia-123456#1759813632010-ns49hd8i8,"Los representantes del sector sostuvieron una reunión con el jefe del Gabinete Ministerial, Eduardo Arana, y otros ministros en la que acordaron, entre otros puntos, la instalación de una mesa de trabajo.",,RPP Noticias,2025-10-07T05:07:12.011Z,Política
cmgg3ljbl006f13gh8ziypwk6,Dirigentes transportistas acuerdan no continuar con el paro tras reunión con ministros,https://rpp.pe/politica/actualidad/dirigentes-transportistas-acuerdan-no-continuar-con-el-paro-tras-reunion-con-ministros-noticia-123456#1759813629969-az90grdpe,"Los representantes del sector sostuvieron una reunión con el jefe del Gabinete Ministerial, Eduardo Arana, y otros ministros en la que acordaron, entre otros puntos, la instalación de una mesa de trabajo.",,RPP Noticias,2025-10-07T05:07:09.970Z,Política
cmgg3lht4004f13ghao1weysy,Dirigentes transportistas acuerdan no continuar con el paro tras reunión con ministros,https://rpp.pe/politica/actualidad/dirigentes-transportistas-acuerdan-no-continuar-con-el-paro-tras-reunion-con-ministros-noticia-123456#1759813628008-t3xoc6o66,"Los representantes del sector sostuvieron una reunión con el jefe del Gabinete Ministerial, Eduardo Arana, y otros ministros en la que acordaron, entre otros puntos, la instalación de una mesa de trabajo.",,RPP Noticias,2025-10-07T05:07:08.009Z,Política
cmgg3lfan002f13ghoov3c5cd,Dirigentes transportistas acuerdan no continuar con el paro tras reunión con ministros,https://rpp.pe/politica/actualidad/dirigentes-transportistas-acuerdan-no-continuar-con-el-paro-tras-reunion-con-ministros-noticia-123456#1759813624751-ntipnzmp5,"Los representantes del sector sostuvieron una reunión con el jefe del Gabinete Ministerial, Eduardo Arana, y otros ministros en la que acordaron, entre otros puntos, la instalación de una mesa de trabajo.",,RPP Noticias,2025-10-07T05:07:04.752Z,Política
cmgg3la3f000f13gh581duj4g,Dirigentes transportistas acuerdan no continuar con el paro tras reunión con ministros,https://rpp.pe/politica/actualidad/dirigentes-transportistas-acuerdan-no-continuar-con-el-paro-tras-reunion-con-ministros-noticia-123456#1759813618011-b6ap4unz1,"Los representantes del sector sostuvieron una reunión con el jefe del Gabinete Ministerial, Eduardo Arana, y otros ministros en la que acordaron, entre otros puntos, la instalación de una mesa de trabajo.",,RPP Noticias,2025-10-07T05:06:58.012Z,Política
cmgg3flg001b4x718q28878dc,Dirigentes transportistas acuerdan no continuar con el paro tras reunión con ministros,https://rpp.pe/politica/actualidad/dirigentes-transportistas-acuerdan-no-continuar-con-el-paro-tras-reunion-con-ministros-noticia-123456#1759813352784-gx535xq9l,"Los representantes del sector sostuvieron una reunión con el jefe del Gabinete Ministerial, Eduardo Arana, y otros ministros en la que acordaron, entre otros puntos, la instalación de una mesa de trabajo.",,RPP Noticias,2025-10-07T05:02:32.784Z,Política
cmgg3fh0r0194x7187wef1pxd,Dirigentes transportistas acuerdan no continuar con el paro tras reunión con ministros,https://rpp.pe/politica/actualidad/dirigentes-transportistas-acuerdan-no-continuar-con-el-paro-tras-reunion-con-ministros-noticia-123456#1759813347051-uolrq82xn,"Los representantes del sector sostuvieron una reunión con el jefe del Gabinete Ministerial, Eduardo Arana, y otros ministros en la que acordaron, entre otros puntos, la instalación de una mesa de trabajo.",,RPP Noticias,2025-10-07T05:02:27.051Z,Política
cmgg3f9ph0174x7186vfy6tg5,Dirigentes transportistas acuerdan no continuar con el paro tras reunión con ministros,https://rpp.pe/politica/actualidad/dirigentes-transportistas-acuerdan-no-continuar-con-el-paro-tras-reunion-con-ministros-noticia-123456#1759813337573-bqdu1jxn8,"Los representantes del sector sostuvieron una reunión con el jefe del Gabinete Ministerial, Eduardo Arana, y otros ministros en la que acordaron, entre otros puntos, la instalación de una mesa de trabajo.",,RPP Noticias,2025-10-07T05:02:17.573Z,Política
cmgg3dkq10157x7186zpb1aku,Dirigentes transportistas acuerdan no continuar con el paro tras reunión con ministros,https://rpp.pe/politica/actualidad/dirigentes-transportistas-acuerdan-no-continuar-con-el-paro-tras-reunion-con-ministros-noticia-123456#1759813258537-0lmyct0nq,"Los representantes del sector sostuvieron una reunión con el jefe del Gabinete Ministerial, Eduardo Arana, y otros ministros en la que acordaron, entre otros puntos, la instalación de una mesa de trabajo.",,RPP Noticias,2025-10-07T05:00:58.537Z,Política
cmgg3cq2w013ex7185se1wjom,Dirigentes transportistas acuerdan no continuar con el paro tras reunión con ministros,https://rpp.pe/politica/actualidad/dirigentes-transportistas-acuerdan-no-continuar-con-el-paro-tras-reunion-con-ministros-noticia-123456#1759813218824-md3nqm0gj,"Los representantes del sector sostuvieron una reunión con el jefe del Gabinete Ministerial, Eduardo Arana, y otros ministros en la que acordaron, entre otros puntos, la instalación de una mesa de trabajo.",,RPP Noticias,2025-10-07T05:00:18.825Z,Política
cmgg3ci5b011mx718ugtjxdup,Dirigentes transportistas acuerdan no continuar con el paro tras reunión con ministros,https://rpp.pe/politica/actualidad/dirigentes-transportistas-acuerdan-no-continuar-con-el-paro-tras-reunion-con-ministros-noticia-123456#1759813208543-42xbvjko4,"Los representantes del sector sostuvieron una reunión con el jefe del Gabinete Ministerial, Eduardo Arana, y otros ministros en la que acordaron, entre otros puntos, la instalación de una mesa de trabajo.",,RPP Noticias,2025-10-07T05:00:08.544Z,Política
cmgg3cc7300zux718y55bgoov,Dirigentes transportistas acuerdan no continuar con el paro tras reunión con ministros,https://rpp.pe/politica/actualidad/dirigentes-transportistas-acuerdan-no-continuar-con-el-paro-tras-reunion-con-ministros-noticia-123456#1759813200830-lrkmtmix0,"Los representantes del sector sostuvieron una reunión con el jefe del Gabinete Ministerial, Eduardo Arana, y otros ministros en la que acordaron, entre otros puntos, la instalación de una mesa de trabajo.",,RPP Noticias,2025-10-07T05:00:00.831Z,Política
cmgg3cc1y00y2x7189aeenc2v,Dirigentes transportistas acuerdan no continuar con el paro tras reunión con ministros,https://rpp.pe/politica/actualidad/dirigentes-transportistas-acuerdan-no-continuar-con-el-paro-tras-reunion-con-ministros-noticia-123456#1759813200646-eh7haktby,"Los representantes del sector sostuvieron una reunión con el jefe del Gabinete Ministerial, Eduardo Arana, y otros ministros en la que acordaron, entre otros puntos, la instalación de una mesa de trabajo.",,RPP Noticias,2025-10-07T05:00:00.646Z,Política
cmgg3cbzc00wax718oey1s5rl,Dirigentes transportistas acuerdan no continuar con el paro tras reunión con ministros,https://rpp.pe/politica/actualidad/dirigentes-transportistas-acuerdan-no-continuar-con-el-paro-tras-reunion-con-ministros-noticia-123456#1759813200552-poza2otgc,"Los representantes del sector sostuvieron una reunión con el jefe del Gabinete Ministerial, Eduardo Arana, y otros ministros en la que acordaron, entre otros puntos, la instalación de una mesa de trabajo.",,RPP Noticias,2025-10-07T05:00:00.553Z,Política
cmgg3cbxf00uix7183u4uuca9,Dirigentes transportistas acuerdan no continuar con el paro tras reunión con ministros,https://rpp.pe/politica/actualidad/dirigentes-transportistas-acuerdan-no-continuar-con-el-paro-tras-reunion-con-ministros-noticia-123456#1759813200483-xzwcm3phu,"Los representantes del sector sostuvieron una reunión con el jefe del Gabinete Ministerial, Eduardo Arana, y otros ministros en la que acordaron, entre otros puntos, la instalación de una mesa de trabajo.",,RPP Noticias,2025-10-07T05:00:00.484Z,Política
cmgg3cbwg00sqx718bikow3sr,Dirigentes transportistas acuerdan no continuar con el paro tras reunión con ministros,https://rpp.pe/politica/actualidad/dirigentes-transportistas-acuerdan-no-continuar-con-el-paro-tras-reunion-con-ministros-noticia-123456#1759813200448-dcmy2zg6s,"Los representantes del sector sostuvieron una reunión con el jefe del Gabinete Ministerial, Eduardo Arana, y otros ministros en la que acordaron, entre otros puntos, la instalación de una mesa de trabajo.",,RPP Noticias,2025-10-07T05:00:00.448Z,Política
cmgg3cbvn00qyx718pqsknfhb,Dirigentes transportistas acuerdan no continuar con el paro tras reunión con ministros,https://rpp.pe/politica/actualidad/dirigentes-transportistas-acuerdan-no-continuar-con-el-paro-tras-reunion-con-ministros-noticia-123456#1759813200419-5ehyttg3a,"Los representantes del sector sostuvieron una reunión con el jefe del Gabinete Ministerial, Eduardo Arana, y otros ministros en la que acordaron, entre otros puntos, la instalación de una mesa de trabajo.",,RPP Noticias,2025-10-07T05:00:00.420Z,Política
cmgg3cbug00p6x718iclpoglw,Dirigentes transportistas acuerdan no continuar con el paro tras reunión con ministros,https://rpp.pe/politica/actualidad/dirigentes-transportistas-acuerdan-no-continuar-con-el-paro-tras-reunion-con-ministros-noticia-123456#1759813200376-gu441q0jd,"Los representantes del sector sostuvieron una reunión con el jefe del Gabinete Ministerial, Eduardo Arana, y otros ministros en la que acordaron, entre otros puntos, la instalación de una mesa de trabajo.",,RPP Noticias,2025-10-07T05:00:00.376Z,Política
cmgg3cbps00nex718mxfvv1aj,Dirigentes transportistas acuerdan no continuar con el paro tras reunión con ministros,https://rpp.pe/politica/actualidad/dirigentes-transportistas-acuerdan-no-continuar-con-el-paro-tras-reunion-con-ministros-noticia-123456#1759813200208-wzr9tdzpi,"Los representantes del sector sostuvieron una reunión con el jefe del Gabinete Ministerial, Eduardo Arana, y otros ministros en la que acordaron, entre otros puntos, la instalación de una mesa de trabajo.",,RPP Noticias,2025-10-07T05:00:00.209Z,Política
cmgg3cb5i00lmx718ok5bdtlp,Dirigentes transportistas acuerdan no continuar con el paro tras reunión con ministros,https://rpp.pe/politica/actualidad/dirigentes-transportistas-acuerdan-no-continuar-con-el-paro-tras-reunion-con-ministros-noticia-123456#1759813199478-4wtb1bjvp,"Los representantes del sector sostuvieron una reunión con el jefe del Gabinete Ministerial, Eduardo Arana, y otros ministros en la que acordaron, entre otros puntos, la instalación de una mesa de trabajo.",,RPP Noticias,2025-10-07T04:59:59.478Z,Política
cmgg3c30500jux7180qmqbhgr,Dirigentes transportistas acuerdan no continuar con el paro tras reunión con ministros,https://rpp.pe/politica/actualidad/dirigentes-transportistas-acuerdan-no-continuar-con-el-paro-tras-reunion-con-ministros-noticia-123456#1759813188916-rox28eez7,"Los representantes del sector sostuvieron una reunión con el jefe del Gabinete Ministerial, Eduardo Arana, y otros ministros en la que acordaron, entre otros puntos, la instalación de una mesa de trabajo.",,RPP Noticias,2025-10-07T04:59:48.917Z,Política
cmgg3b1ki00i5x7187ur0r29m,Dirigentes transportistas acuerdan no continuar con el paro tras reunión con ministros,https://rpp.pe/politica/actualidad/dirigentes-transportistas-acuerdan-no-continuar-con-el-paro-tras-reunion-con-ministros-noticia-123456#1759813140401-5x5xt7atq,"Los representantes del sector sostuvieron una reunión con el jefe del Gabinete Ministerial, Eduardo Arana, y otros ministros en la que acordaron, entre otros puntos, la instalación de una mesa de trabajo.",,RPP Noticias,2025-10-07T04:59:00.402Z,Política
cmgg3abzg00gkx7189l4emah8,Dirigentes transportistas acuerdan no continuar con el paro tras reunión con ministros,https://rpp.pe/politica/actualidad/dirigentes-transportistas-acuerdan-no-continuar-con-el-paro-tras-reunion-con-ministros-noticia-123456#1759813107243-xeq90kz2z,"Los representantes del sector sostuvieron una reunión con el jefe del Gabinete Ministerial, Eduardo Arana, y otros ministros en la que acordaron, entre otros puntos, la instalación de una mesa de trabajo.",,RPP Noticias,2025-10-07T04:58:27.244Z,Política
cmgg3a5su00f0x7182kbh9dbr,Dirigentes transportistas acuerdan no continuar con el paro tras reunión con ministros,https://rpp.pe/politica/actualidad/dirigentes-transportistas-acuerdan-no-continuar-con-el-paro-tras-reunion-con-ministros-noticia-123456#1759813099230-75nsu7fo2,"Los representantes del sector sostuvieron una reunión con el jefe del Gabinete Ministerial, Eduardo Arana, y otros ministros en la que acordaron, entre otros puntos, la instalación de una mesa de trabajo.",,RPP Noticias,2025-10-07T04:58:19.231Z,Política
cmgg3a06o00dgx718vt125u9y,Dirigentes transportistas acuerdan no continuar con el paro tras reunión con ministros,https://rpp.pe/politica/actualidad/dirigentes-transportistas-acuerdan-no-continuar-con-el-paro-tras-reunion-con-ministros-noticia-123456#1759813091952-l9wzcqzrz,"Los representantes del sector sostuvieron una reunión con el jefe del Gabinete Ministerial, Eduardo Arana, y otros ministros en la que acordaron, entre otros puntos, la instalación de una mesa de trabajo.",,RPP Noticias,2025-10-07T04:58:11.952Z,Política
cmgg39vzv00bwx718yb132x6f,Dirigentes transportistas acuerdan no continuar con el paro tras reunión con ministros,https://rpp.pe/politica/actualidad/dirigentes-transportistas-acuerdan-no-continuar-con-el-paro-tras-reunion-con-ministros-noticia-123456#1759813086522-ws9bxqhba,"Los representantes del sector sostuvieron una reunión con el jefe del Gabinete Ministerial, Eduardo Arana, y otros ministros en la que acordaron, entre otros puntos, la instalación de una mesa de trabajo.",,RPP Noticias,2025-10-07T04:58:06.523Z,Política
cmgg36ksj00acx718x46kszuv,Dirigentes transportistas acuerdan no continuar con el paro tras reunión con ministros,https://rpp.pe/politica/actualidad/dirigentes-transportistas-acuerdan-no-continuar-con-el-paro-tras-reunion-con-ministros-noticia-123456#1759812932035-vrhllsxla,"Los representantes del sector sostuvieron una reunión con el jefe del Gabinete Ministerial, Eduardo Arana, y otros ministros en la que acordaron, entre otros puntos, la instalación de una mesa de trabajo.",,RPP Noticias,2025-10-07T04:55:32.036Z,Política
cmgg35rcr008vx7189nhta2xp,Dirigentes transportistas acuerdan no continuar con el paro tras reunión con ministros,https://rpp.pe/politica/actualidad/dirigentes-transportistas-acuerdan-no-continuar-con-el-paro-tras-reunion-con-ministros-noticia-123456#1759812893882-78gd1oot9,"Los representantes del sector sostuvieron una reunión con el jefe del Gabinete Ministerial, Eduardo Arana, y otros ministros en la que acordaron, entre otros puntos, la instalación de una mesa de trabajo.",,RPP Noticias,2025-10-07T04:54:53.883Z,Política
cmgg35m6x007fx718plabue2b,Dirigentes transportistas acuerdan no continuar con el paro tras reunión con ministros,https://rpp.pe/politica/actualidad/dirigentes-transportistas-acuerdan-no-continuar-con-el-paro-tras-reunion-con-ministros-noticia-123456#1759812887192-fz0804ztx,"Los representantes del sector sostuvieron una reunión con el jefe del Gabinete Ministerial, Eduardo Arana, y otros ministros en la que acordaron, entre otros puntos, la instalación de una mesa de trabajo.",,RPP Noticias,2025-10-07T04:54:47.193Z,Política
cmgg351an005zx718f3su0vg8,Dirigentes transportistas acuerdan no continuar con el paro tras reunión con ministros,https://rpp.pe/politica/actualidad/dirigentes-transportistas-acuerdan-no-continuar-con-el-paro-tras-reunion-con-ministros-noticia-123456#1759812860111-t05hknj8n,"Los representantes del sector sostuvieron una reunión con el jefe del Gabinete Ministerial, Eduardo Arana, y otros ministros en la que acordaron, entre otros puntos, la instalación de una mesa de trabajo.",,RPP Noticias,2025-10-07T04:54:20.112Z,Política
cmgg34sob004jx7187bfqb95f,Dirigentes transportistas acuerdan no continuar con el paro tras reunión con ministros,https://rpp.pe/politica/actualidad/dirigentes-transportistas-acuerdan-no-continuar-con-el-paro-tras-reunion-con-ministros-noticia-123456#1759812848939-pasip40im,"Los representantes del sector sostuvieron una reunión con el jefe del Gabinete Ministerial, Eduardo Arana, y otros ministros en la que acordaron, entre otros puntos, la instalación de una mesa de trabajo.",,RPP Noticias,2025-10-07T04:54:08.940Z,Política
cmgg33cyb0036x718ut709egj,Dirigentes transportistas acuerdan no continuar con el paro tras reunión con ministros,https://rpp.pe/politica/actualidad/dirigentes-transportistas-acuerdan-no-continuar-con-el-paro-tras-reunion-con-ministros-noticia-123456#1759812781906-ap3vtrufl,"Los representantes del sector sostuvieron una reunión con el jefe del Gabinete Ministerial, Eduardo Arana, y otros ministros en la que acordaron, entre otros puntos, la instalación de una mesa de trabajo.",,RPP Noticias,2025-10-07T04:53:01.907Z,Política
cmgg31qb90020x7180snr2oka,Dirigentes transportistas acuerdan no continuar con el paro tras reunión con ministros,https://rpp.pe/politica/actualidad/dirigentes-transportistas-acuerdan-no-continuar-con-el-paro-tras-reunion-con-ministros-noticia-123456#1759812705909-90e62njc7,"Los representantes del sector sostuvieron una reunión con el jefe del Gabinete Ministerial, Eduardo Arana, y otros ministros en la que acordaron, entre otros puntos, la instalación de una mesa de trabajo.",,RPP Noticias,2025-10-07T04:51:45.910Z,Política
cmgg2tr5j0015x7184vi5izym,Dirigentes transportistas acuerdan no continuar con el paro tras reunión con ministros,https://rpp.pe/politica/actualidad/dirigentes-transportistas-acuerdan-no-continuar-con-el-paro-tras-reunion-con-ministros-noticia-123456#1759812333751-uou129tp4,"Los representantes del sector sostuvieron una reunión con el jefe del Gabinete Ministerial, Eduardo Arana, y otros ministros en la que acordaron, entre otros puntos, la instalación de una mesa de trabajo.",,RPP Noticias,2025-10-07T04:45:33.751Z,Política
cmgg2nywp000fx718sepcawkm,Dirigentes transportistas acuerdan no continuar con el paro tras reunión con ministros,https://rpp.pe/politica/actualidad/dirigentes-transportistas-acuerdan-no-continuar-con-el-paro-tras-reunion-con-ministros-noticia-123456#1759812063865-xls5pjy8a,"Los representantes del sector sostuvieron una reunión con el jefe del Gabinete Ministerial, Eduardo Arana, y otros ministros en la que acordaron, entre otros puntos, la instalación de una mesa de trabajo.",,RPP Noticias,2025-10-07T04:41:03.866Z,Política
cmgg1sa2b00iz8u89csebey6e,Dirigentes transportistas acuerdan no continuar con el paro tras reunión con ministros,https://rpp.pe/politica/actualidad/dirigentes-transportistas-acuerdan-no-continuar-con-el-paro-tras-reunion-con-ministros-noticia-123456#1759810585331-nyucb9bfs,"Los representantes del sector sostuvieron una reunión con el jefe del Gabinete Ministerial, Eduardo Arana, y otros ministros en la que acordaron, entre otros puntos, la instalación de una mesa de trabajo.",,RPP Noticias,2025-10-07T04:16:25.331Z,Política
cmgg1s75m00hz8u899mks7ut8,Dirigentes transportistas acuerdan no continuar con el paro tras reunión con ministros,https://rpp.pe/politica/actualidad/dirigentes-transportistas-acuerdan-no-continuar-con-el-paro-tras-reunion-con-ministros-noticia-123456#1759810581562-x9cydt3ha,"Los representantes del sector sostuvieron una reunión con el jefe del Gabinete Ministerial, Eduardo Arana, y otros ministros en la que acordaron, entre otros puntos, la instalación de una mesa de trabajo.",,RPP Noticias,2025-10-07T04:16:21.562Z,Política
cmgg1rqv800gz8u895xmf2bg8,Dirigentes transportistas acuerdan no continuar con el paro tras reunión con ministros,https://rpp.pe/politica/actualidad/dirigentes-transportistas-acuerdan-no-continuar-con-el-paro-tras-reunion-con-ministros-noticia-123456#1759810560451-byd8smoh8,"Los representantes del sector sostuvieron una reunión con el jefe del Gabinete Ministerial, Eduardo Arana, y otros ministros en la que acordaron, entre otros puntos, la instalación de una mesa de trabajo.",,RPP Noticias,2025-10-07T04:16:00.452Z,Política
cmgg1j1uc00fn8u89kni94n2g,Dirigentes transportistas acuerdan no continuar con el paro tras reunión con ministros,https://rpp.pe/politica/actualidad/dirigentes-transportistas-acuerdan-no-continuar-con-el-paro-tras-reunion-con-ministros-noticia-123456#1759810154771-ap0optjn5,"Los representantes del sector sostuvieron una reunión con el jefe del Gabinete Ministerial, Eduardo Arana, y otros ministros en la que acordaron, entre otros puntos, la instalación de una mesa de trabajo.",,RPP Noticias,2025-10-07T04:09:14.772Z,Política
cmgg1ivim00en8u892oicvh64,Dirigentes transportistas acuerdan no continuar con el paro tras reunión con ministros,https://rpp.pe/politica/actualidad/dirigentes-transportistas-acuerdan-no-continuar-con-el-paro-tras-reunion-con-ministros-noticia-123456#1759810146574-fp4kaq7v1,"Los representantes del sector sostuvieron una reunión con el jefe del Gabinete Ministerial, Eduardo Arana, y otros ministros en la que acordaron, entre otros puntos, la instalación de una mesa de trabajo.",,RPP Noticias,2025-10-07T04:09:06.574Z,Política
cmgg1fhu200dn8u89vtnmnm6p,Dirigentes transportistas acuerdan no continuar con el paro tras reunión con ministros,https://rpp.pe/politica/actualidad/dirigentes-transportistas-acuerdan-no-continuar-con-el-paro-tras-reunion-con-ministros-noticia-123456#1759809988873-hlrh2inih,"Los representantes del sector sostuvieron una reunión con el jefe del Gabinete Ministerial, Eduardo Arana, y otros ministros en la que acordaron, entre otros puntos, la instalación de una mesa de trabajo.",,RPP Noticias,2025-10-07T04:06:28.874Z,Política
cmgg1f5tc00cn8u8911xar32w,Dirigentes transportistas acuerdan no continuar con el paro tras reunión con ministros,https://rpp.pe/politica/actualidad/dirigentes-transportistas-acuerdan-no-continuar-con-el-paro-tras-reunion-con-ministros-noticia-123456#1759809973296-681s7jrf7,"Los representantes del sector sostuvieron una reunión con el jefe del Gabinete Ministerial, Eduardo Arana, y otros ministros en la que acordaron, entre otros puntos, la instalación de una mesa de trabajo.",,RPP Noticias,2025-10-07T04:06:13.297Z,Política